{"cameraMode":{"drawMode":0,"name":"Shaded","section":"Shading Mode"},"sceneLighting":true,"audioPlay":false,"sceneViewState":{"m_AlwaysRefresh":false,"showFog":true,"showSkybox":true,"showFlares":true,"showImageEffects":true,"showParticleSystems":true,"showVisualEffectGraphs":true,"m_FxEnabled":true},"in2DMode":false,"pivot":{"x":9.99857234954834,"y":-17.700523376464845,"z":48.71603775024414},"rotation":{"x":0.3795816898345947,"y":-0.01693488284945488,"z":0.006948552560061216,"w":0.9249848127365112},"size":29.692201614379884,"orthographic":false}